{"inputUnits":[34],"outputUnits":8,"inputs":{"0":{"dtype":"number","min":397.97894764132434,"max":468.8411779570998},"1":{"dtype":"number","min":147.88808841221976,"max":312.9754153840955},"2":{"dtype":"number","min":406.5667968512046,"max":477.2737506769786},"3":{"dtype":"number","min":141.50170220269095,"max":305.72412204556525},"4":{"dtype":"number","min":389.5242308083101,"max":464.063338787235},"5":{"dtype":"number","min":141.29977830436957,"max":306.0564870258056},"6":{"dtype":"number","min":416.8210436726174,"max":489.08787182664776},"7":{"dtype":"number","min":149.94052325540582,"max":309.6672600937633},"8":{"dtype":"number","min":378.22645942137717,"max":455.16941784418117},"9":{"dtype":"number","min":147.94172487760844,"max":310.2425097489682},"10":{"dtype":"number","min":438.75462641725295,"max":503.2588720786409},"11":{"dtype":"number","min":191.1263910185756,"max":354.5419614914565},"12":{"dtype":"number","min":352.21467696667645,"max":427.42026442440397},"13":{"dtype":"number","min":187.10732190464904,"max":348.7885851144326},"14":{"dtype":"number","min":451.5769047579105,"max":520.2361346685398},"15":{"dtype":"number","min":251.33974696228142,"max":418.5714539496289},"16":{"dtype":"number","min":329.08420116580714,"max":417.3142996447825},"17":{"dtype":"number","min":236.77586635418567,"max":416.13231904325426},"18":{"dtype":"number","min":410.06716752377633,"max":498.45187798810514},"19":{"dtype":"number","min":279.63575731244003,"max":458.4029801872506},"20":{"dtype":"number","min":289.5153001037954,"max":440.08273000140866},"21":{"dtype":"number","min":212.34100445901674,"max":449.39516538764997},"22":{"dtype":"number","min":421.13727919074756,"max":473.702168580849},"23":{"dtype":"number","min":315.2056762814289,"max":450.60224477310624},"24":{"dtype":"number","min":370.6594760887339,"max":433.99226837455643},"25":{"dtype":"number","min":309.71807587681224,"max":449.0254057081122},"26":{"dtype":"number","min":414.6817629332663,"max":499.2585253529613},"27":{"dtype":"number","min":399.26209103526656,"max":540.8794038709376},"28":{"dtype":"number","min":356.7742420218841,"max":447.567986977263},"29":{"dtype":"number","min":401.5440780981707,"max":533.5209718224597},"30":{"dtype":"number","min":380.49922110276844,"max":511.0097606279696},"31":{"dtype":"number","min":484.74561903211804,"max":551.7352158098425},"32":{"dtype":"number","min":348.66414474464995,"max":492.27835374501245},"33":{"dtype":"number","min":453.7891629611307,"max":549.3713327783357}},"outputs":{"0":{"dtype":"string","min":0,"max":1,"uniqueValues":["a","b","c","d","e","f","g","h"],"legend":{"a":[1,0,0,0,0,0,0,0],"b":[0,1,0,0,0,0,0,0],"c":[0,0,1,0,0,0,0,0],"d":[0,0,0,1,0,0,0,0],"e":[0,0,0,0,1,0,0,0],"f":[0,0,0,0,0,1,0,0],"g":[0,0,0,0,0,0,1,0],"h":[0,0,0,0,0,0,0,1]}}},"isNormalized":true}